OMP_NUM_THREADS,Execution_Time
1,0.236643
2,0.141582
3,0.109836
4,0.093756
5,0.083198
6,0.074816
7,0.069025
8,0.063627
9,0.059641
10,0.055863
11,0.052703
12,0.049985
13,0.050258
14,0.050818
15,0.050076
16,0.049459
17,0.049846
18,0.049486
19,0.049244
20,0.048766
21,0.048673
22,0.048600
23,0.048686
24,0.051108
