OMP_NUM_THREADS,Execution_Time
1,0.210990
2,0.211241
3,0.211326
4,0.211259
5,0.211279
6,0.211251
7,0.211301
8,0.211410
9,0.211668
10,0.211672
11,0.211862
12,0.212126
13,0.211496
14,0.211479
15,0.211506
16,0.211539
17,0.211545
18,0.211611
19,0.212632
20,0.212631
21,0.212016
22,0.211756
23,0.212776
24,0.213009
