MPI_Processes,Columns,Rows,Execution_Time
2,34,34,0.140757
4,48,48,0.115717
8,69,69,0.071377
16,97,97,0.041456
32,138,138,0.024438
48,169,169,0.018295
64,195,195,0.015644
96,240,240,0.012567
128,277,277,0.013233
160,309,309,0.038276
192,339,339,0.011496
224,366,366,0.067565
256,391,391,0.021054
