OMP_NUM_THREADS,Execution_Time
1,0.493674
2,0.270545
3,0.196296
4,0.159026
5,0.136618
6,0.121891
7,0.111377
8,0.103215
9,0.096741
10,0.091207
11,0.086921
12,0.082532
13,0.083001
14,0.082969
15,0.082242
16,0.082011
17,0.081922
18,0.081417
19,0.080568
20,0.079678
21,0.080405
22,0.077215
23,0.079161
24,0.084344
