OMP_NUM_THREADS,Problem_Size,Execution_Time
1,,,0.275841
2,,,0.140720
4,,,0.073446
816,,,0.048712
24,,,0.018461
32,,,0.015107
40,,,0.014429
48,,,0.013513
56,,,0.013572
64,,,0.013882
